internal_id,heatName,heatDay,heatTime,dorsal,category,name1,email1,contact1,name2,email2,contact2,name,email,contact,name3,email3,contact3,name4,email4,contact4
R10001,Hybrid Doubles Men - Heat 2,2025-05-12,12:30,9287-01,Hybrid Doubles Men,Pair Athlete 1A,jose.filipe.chavarria+pair1A@gmail.com,920000001,Pair Athlete 1B,jose.filipe.chavarria+pair1B@gmail.com,920001001,,,,,,,,,
R10002,Hybrid Pro Doubles Mixed - Heat 3,2025-05-10,13:00,3892-02,Hybrid Pro Doubles Mixed,Pair Athlete 2A,jose.filipe.chavarria+pair2A@gmail.com,920000002,Pair Athlete 2B,jose.filipe.chavarria+pair2B@gmail.com,920001002,,,,,,,,,
S10003,Hybrid Pro Women - Heat 4,2025-05-15,18:30,3558-03,Hybrid Pro Women,,,,,,,Name LastName Athlete 3,jose.filipe.chavarria+at3@gmail.com,910000003,,,,,,
R10004,Hybrid Doubles Women - Heat 5,2025-05-15,13:00,1380-04,Hybrid Doubles Women,Pair Athlete 4A,jose.filipe.chavarria+pair4A@gmail.com,920000004,Pair Athlete 4B,jose.filipe.chavarria+pair4B@gmail.com,920001004,,,,,,,,,
R10005,Hybrid Doubles Mixed - Heat 6,2025-05-12,16:30,9240-05,Hybrid Doubles Mixed,Pair Athlete 5A,jose.filipe.chavarria+pair5A@gmail.com,920000005,Pair Athlete 5B,jose.filipe.chavarria+pair5B@gmail.com,920001005,,,,,,,,,
S10006,Hybrid Men - Heat 7,2025-05-11,10:30,2659-06,Hybrid Men,,,,,,,Name LastName Athlete 6,jose.filipe.chavarria+at6@gmail.com,910000006,,,,,,
R10007,Hybrid Team Relay - Heat 8,2025-05-12,8:00,5132-07,Hybrid Team Relay,Relay Athlete 7A,jose.filipe.chavarria+relay7A@gmail.com,930000007,Relay Athlete 7B,jose.filipe.chavarria+relay7B@gmail.com,930001007,,,,Relay Athlete 7C,jose.filipe.chavarria+relay7C@gmail.com,930002007,Relay Athlete 7D,jose.filipe.chavarria+relay7D@gmail.com,930003007
R10008,Hybrid Team Relay - Heat 9,2025-05-10,17:30,1387-08,Hybrid Team Relay,Relay Athlete 8A,jose.filipe.chavarria+relay8A@gmail.com,930000008,Relay Athlete 8B,jose.filipe.chavarria+relay8B@gmail.com,930001008,,,,Relay Athlete 8C,jose.filipe.chavarria+relay8C@gmail.com,930002008,Relay Athlete 8D,jose.filipe.chavarria+relay8D@gmail.com,930003008
R10009,Hybrid Doubles Women - Heat 10,2025-05-10,13:00,1545-09,Hybrid Doubles Women,Pair Athlete 9A,jose.filipe.chavarria+pair9A@gmail.com,920000009,Pair Athlete 9B,jose.filipe.chavarria+pair9B@gmail.com,920001009,,,,,,,,,
S10010,Hybrid Pro Women - Heat 1,2025-05-14,12:30,4110-10,Hybrid Pro Women,,,,,,,Name LastName Athlete 10,jose.filipe.chavarria+at10@gmail.com,910000010,,,,,,
R10011,Hybrid Pro Doubles Men - Heat 2,2025-05-13,15:30,1035-11,Hybrid Pro Doubles Men,Pair Athlete 11A,jose.filipe.chavarria+pair11A@gmail.com,920000011,Pair Athlete 11B,jose.filipe.chavarria+pair11B@gmail.com,920001011,,,,,,,,,
R10012,Hybrid Doubles Women - Heat 3,2025-05-10,9:00,5127-12,Hybrid Doubles Women,Pair Athlete 12A,jose.filipe.chavarria+pair12A@gmail.com,920000012,Pair Athlete 12B,jose.filipe.chavarria+pair12B@gmail.com,920001012,,,,,,,,,
R10013,Hybrid Doubles Women - Heat 4,2025-05-13,8:30,8374-13,Hybrid Doubles Women,Pair Athlete 13A,jose.filipe.chavarria+pair13A@gmail.com,920000013,Pair Athlete 13B,jose.filipe.chavarria+pair13B@gmail.com,920001013,,,,,,,,,
R10014,Hybrid Pro Team Relay - Heat 5,2025-05-15,18:00,1113-14,Hybrid Pro Team Relay,Relay Athlete 14A,jose.filipe.chavarria+relay14A@gmail.com,930000014,Relay Athlete 14B,jose.filipe.chavarria+relay14B@gmail.com,930001014,,,,Relay Athlete 14C,jose.filipe.chavarria+relay14C@gmail.com,930002014,Relay Athlete 14D,jose.filipe.chavarria+relay14D@gmail.com,930003014
R10015,Hybrid Pro Team Relay - Heat 6,2025-05-11,9:30,8675-15,Hybrid Pro Team Relay,Relay Athlete 15A,jose.filipe.chavarria+relay15A@gmail.com,930000015,Relay Athlete 15B,jose.filipe.chavarria+relay15B@gmail.com,930001015,,,,Relay Athlete 15C,jose.filipe.chavarria+relay15C@gmail.com,930002015,Relay Athlete 15D,jose.filipe.chavarria+relay15D@gmail.com,930003015
R10016,Hybrid Pro Team Relay - Heat 7,2025-05-12,9:30,5512-16,Hybrid Pro Team Relay,Relay Athlete 16A,jose.filipe.chavarria+relay16A@gmail.com,930000016,Relay Athlete 16B,jose.filipe.chavarria+relay16B@gmail.com,930001016,,,,Relay Athlete 16C,jose.filipe.chavarria+relay16C@gmail.com,930002016,Relay Athlete 16D,jose.filipe.chavarria+relay16D@gmail.com,930003016
S10017,Hybrid Women - Heat 8,2025-05-12,18:30,3395-17,Hybrid Women,,,,,,,Name LastName Athlete 17,jose.filipe.chavarria+at17@gmail.com,910000017,,,,,,
S10018,Hybrid Women - Heat 9,2025-05-10,12:30,4147-18,Hybrid Women,,,,,,,Name LastName Athlete 18,jose.filipe.chavarria+at18@gmail.com,910000018,,,,,,
R10019,Hybrid Doubles Men - Heat 10,2025-05-13,11:00,9804-19,Hybrid Doubles Men,Pair Athlete 19A,jose.filipe.chavarria+pair19A@gmail.com,920000019,Pair Athlete 19B,jose.filipe.chavarria+pair19B@gmail.com,920001019,,,,,,,,,
S10020,Hybrid Pro Men - Heat 1,2025-05-15,9:30,6835-20,Hybrid Pro Men,,,,,,,Name LastName Athlete 20,jose.filipe.chavarria+at20@gmail.com,910000020,,,,,,
R10021,Hybrid Doubles Women - Heat 2,2025-05-14,14:00,9123-21,Hybrid Doubles Women,Pair Athlete 21A,jose.filipe.chavarria+pair21A@gmail.com,920000021,Pair Athlete 21B,jose.filipe.chavarria+pair21B@gmail.com,920001021,,,,,,,,,
R10022,Hybrid Doubles Men - Heat 3,2025-05-11,11:00,7273-22,Hybrid Doubles Men,Pair Athlete 22A,jose.filipe.chavarria+pair22A@gmail.com,920000022,Pair Athlete 22B,jose.filipe.chavarria+pair22B@gmail.com,920001022,,,,,,,,,
R10023,Hybrid Pro Doubles Women - Heat 4,2025-05-10,14:30,5136-23,Hybrid Pro Doubles Women,Pair Athlete 23A,jose.filipe.chavarria+pair23A@gmail.com,920000023,Pair Athlete 23B,jose.filipe.chavarria+pair23B@gmail.com,920001023,,,,,,,,,
R10024,Hybrid Pro Doubles Men - Heat 5,2025-05-11,18:00,5017-24,Hybrid Pro Doubles Men,Pair Athlete 24A,jose.filipe.chavarria+pair24A@gmail.com,920000024,Pair Athlete 24B,jose.filipe.chavarria+pair24B@gmail.com,920001024,,,,,,,,,
R10025,Hybrid Doubles Mixed - Heat 6,2025-05-13,14:00,1635-25,Hybrid Doubles Mixed,Pair Athlete 25A,jose.filipe.chavarria+pair25A@gmail.com,920000025,Pair Athlete 25B,jose.filipe.chavarria+pair25B@gmail.com,920001025,,,,,,,,,
S10026,Hybrid Women - Heat 7,2025-05-13,18:30,3638-26,Hybrid Women,,,,,,,Name LastName Athlete 26,jose.filipe.chavarria+at26@gmail.com,910000026,,,,,,
R10027,Hybrid Doubles Men - Heat 8,2025-05-14,18:00,9733-27,Hybrid Doubles Men,Pair Athlete 27A,jose.filipe.chavarria+pair27A@gmail.com,920000027,Pair Athlete 27B,jose.filipe.chavarria+pair27B@gmail.com,920001027,,,,,,,,,
R10028,Hybrid Team Relay - Heat 9,2025-05-13,18:30,1313-28,Hybrid Team Relay,Relay Athlete 28A,jose.filipe.chavarria+relay28A@gmail.com,930000028,Relay Athlete 28B,jose.filipe.chavarria+relay28B@gmail.com,930001028,,,,Relay Athlete 28C,jose.filipe.chavarria+relay28C@gmail.com,930002028,Relay Athlete 28D,jose.filipe.chavarria+relay28D@gmail.com,930003028
R10029,Hybrid Doubles Men - Heat 10,2025-05-13,11:30,2578-29,Hybrid Doubles Men,Pair Athlete 29A,jose.filipe.chavarria+pair29A@gmail.com,920000029,Pair Athlete 29B,jose.filipe.chavarria+pair29B@gmail.com,920001029,,,,,,,,,
S10030,Hybrid Men - Heat 1,2025-05-15,15:30,9609-30,Hybrid Men,,,,,,,Name LastName Athlete 30,jose.filipe.chavarria+at30@gmail.com,910000030,,,,,,
R10031,Hybrid Pro Doubles Women - Heat 2,2025-05-15,18:00,5570-31,Hybrid Pro Doubles Women,Pair Athlete 31A,jose.filipe.chavarria+pair31A@gmail.com,920000031,Pair Athlete 31B,jose.filipe.chavarria+pair31B@gmail.com,920001031,,,,,,,,,
R10032,Hybrid Doubles Mixed - Heat 3,2025-05-13,11:00,4904-32,Hybrid Doubles Mixed,Pair Athlete 32A,jose.filipe.chavarria+pair32A@gmail.com,920000032,Pair Athlete 32B,jose.filipe.chavarria+pair32B@gmail.com,920001032,,,,,,,,,
R10033,Hybrid Team Relay - Heat 4,2025-05-14,13:30,5130-33,Hybrid Team Relay,Relay Athlete 33A,jose.filipe.chavarria+relay33A@gmail.com,930000033,Relay Athlete 33B,jose.filipe.chavarria+relay33B@gmail.com,930001033,,,,Relay Athlete 33C,jose.filipe.chavarria+relay33C@gmail.com,930002033,Relay Athlete 33D,jose.filipe.chavarria+relay33D@gmail.com,930003033
S10034,Hybrid Pro Men - Heat 5,2025-05-14,15:00,3982-34,Hybrid Pro Men,,,,,,,Name LastName Athlete 34,jose.filipe.chavarria+at34@gmail.com,910000034,,,,,,
R10035,Hybrid Pro Doubles Mixed - Heat 6,2025-05-13,12:00,5338-35,Hybrid Pro Doubles Mixed,Pair Athlete 35A,jose.filipe.chavarria+pair35A@gmail.com,920000035,Pair Athlete 35B,jose.filipe.chavarria+pair35B@gmail.com,920001035,,,,,,,,,
S10036,Hybrid Pro Men - Heat 7,2025-05-10,14:30,4026-36,Hybrid Pro Men,,,,,,,Name LastName Athlete 36,jose.filipe.chavarria+at36@gmail.com,910000036,,,,,,
R10037,Hybrid Doubles Mixed - Heat 8,2025-05-10,13:30,3117-37,Hybrid Doubles Mixed,Pair Athlete 37A,jose.filipe.chavarria+pair37A@gmail.com,920000037,Pair Athlete 37B,jose.filipe.chavarria+pair37B@gmail.com,920001037,,,,,,,,,
S10038,Hybrid Pro Men - Heat 9,2025-05-12,8:00,6315-38,Hybrid Pro Men,,,,,,,Name LastName Athlete 38,jose.filipe.chavarria+at38@gmail.com,910000038,,,,,,
S10039,Hybrid Pro Men - Heat 10,2025-05-11,11:00,4057-39,Hybrid Pro Men,,,,,,,Name LastName Athlete 39,jose.filipe.chavarria+at39@gmail.com,910000039,,,,,,
S10040,Hybrid Pro Women - Heat 1,2025-05-11,11:30,2017-40,Hybrid Pro Women,,,,,,,Name LastName Athlete 40,jose.filipe.chavarria+at40@gmail.com,910000040,,,,,,
R10041,Hybrid Pro Doubles Mixed - Heat 2,2025-05-13,12:00,8901-41,Hybrid Pro Doubles Mixed,Pair Athlete 41A,jose.filipe.chavarria+pair41A@gmail.com,920000041,Pair Athlete 41B,jose.filipe.chavarria+pair41B@gmail.com,920001041,,,,,,,,,
R10042,Hybrid Pro Doubles Men - Heat 3,2025-05-12,12:30,2781-42,Hybrid Pro Doubles Men,Pair Athlete 42A,jose.filipe.chavarria+pair42A@gmail.com,920000042,Pair Athlete 42B,jose.filipe.chavarria+pair42B@gmail.com,920001042,,,,,,,,,
R10043,Hybrid Pro Doubles Men - Heat 4,2025-05-14,16:30,4602-43,Hybrid Pro Doubles Men,Pair Athlete 43A,jose.filipe.chavarria+pair43A@gmail.com,920000043,Pair Athlete 43B,jose.filipe.chavarria+pair43B@gmail.com,920001043,,,,,,,,,
R10044,Hybrid Pro Team Relay - Heat 5,2025-05-10,9:00,2379-44,Hybrid Pro Team Relay,Relay Athlete 44A,jose.filipe.chavarria+relay44A@gmail.com,930000044,Relay Athlete 44B,jose.filipe.chavarria+relay44B@gmail.com,930001044,,,,Relay Athlete 44C,jose.filipe.chavarria+relay44C@gmail.com,930002044,Relay Athlete 44D,jose.filipe.chavarria+relay44D@gmail.com,930003044
R10045,Hybrid Pro Team Relay - Heat 6,2025-05-11,16:30,5533-45,Hybrid Pro Team Relay,Relay Athlete 45A,jose.filipe.chavarria+relay45A@gmail.com,930000045,Relay Athlete 45B,jose.filipe.chavarria+relay45B@gmail.com,930001045,,,,Relay Athlete 45C,jose.filipe.chavarria+relay45C@gmail.com,930002045,Relay Athlete 45D,jose.filipe.chavarria+relay45D@gmail.com,930003045
S10046,Hybrid Pro Women - Heat 7,2025-05-10,11:00,3756-46,Hybrid Pro Women,,,,,,,Name LastName Athlete 46,jose.filipe.chavarria+at46@gmail.com,910000046,,,,,,
R10047,Hybrid Doubles Women - Heat 8,2025-05-15,18:00,7185-47,Hybrid Doubles Women,Pair Athlete 47A,jose.filipe.chavarria+pair47A@gmail.com,920000047,Pair Athlete 47B,jose.filipe.chavarria+pair47B@gmail.com,920001047,,,,,,,,,
S10048,Hybrid Pro Men - Heat 9,2025-05-14,8:00,8755-48,Hybrid Pro Men,,,,,,,Name LastName Athlete 48,jose.filipe.chavarria+at48@gmail.com,910000048,,,,,,
R10049,Hybrid Doubles Men - Heat 10,2025-05-11,17:30,1764-49,Hybrid Doubles Men,Pair Athlete 49A,jose.filipe.chavarria+pair49A@gmail.com,920000049,Pair Athlete 49B,jose.filipe.chavarria+pair49B@gmail.com,920001049,,,,,,,,,
S10050,Hybrid Pro Women - Heat 1,2025-05-11,15:00,9254-50,Hybrid Pro Women,,,,,,,Name LastName Athlete 50,jose.filipe.chavarria+at50@gmail.com,910000050,,,,,,
R10051,Hybrid Pro Doubles Women - Heat 2,2025-05-11,10:30,4794-51,Hybrid Pro Doubles Women,Pair Athlete 51A,jose.filipe.chavarria+pair51A@gmail.com,920000051,Pair Athlete 51B,jose.filipe.chavarria+pair51B@gmail.com,920001051,,,,,,,,,
R10052,Hybrid Pro Doubles Women - Heat 3,2025-05-15,11:30,9911-52,Hybrid Pro Doubles Women,Pair Athlete 52A,jose.filipe.chavarria+pair52A@gmail.com,920000052,Pair Athlete 52B,jose.filipe.chavarria+pair52B@gmail.com,920001052,,,,,,,,,
R10053,Hybrid Pro Doubles Men - Heat 4,2025-05-12,11:30,8760-53,Hybrid Pro Doubles Men,Pair Athlete 53A,jose.filipe.chavarria+pair53A@gmail.com,920000053,Pair Athlete 53B,jose.filipe.chavarria+pair53B@gmail.com,920001053,,,,,,,,,
S10054,Hybrid Pro Women - Heat 5,2025-05-10,12:30,5090-54,Hybrid Pro Women,,,,,,,Name LastName Athlete 54,jose.filipe.chavarria+at54@gmail.com,910000054,,,,,,
S10055,Hybrid Women - Heat 6,2025-05-11,9:30,5004-55,Hybrid Women,,,,,,,Name LastName Athlete 55,jose.filipe.chavarria+at55@gmail.com,910000055,,,,,,
R10056,Hybrid Pro Doubles Women - Heat 7,2025-05-15,9:00,8771-56,Hybrid Pro Doubles Women,Pair Athlete 56A,jose.filipe.chavarria+pair56A@gmail.com,920000056,Pair Athlete 56B,jose.filipe.chavarria+pair56B@gmail.com,920001056,,,,,,,,,
R10057,Hybrid Pro Doubles Women - Heat 8,2025-05-10,12:00,7775-57,Hybrid Pro Doubles Women,Pair Athlete 57A,jose.filipe.chavarria+pair57A@gmail.com,920000057,Pair Athlete 57B,jose.filipe.chavarria+pair57B@gmail.com,920001057,,,,,,,,,
R10058,Hybrid Team Relay - Heat 9,2025-05-14,11:30,8812-58,Hybrid Team Relay,Relay Athlete 58A,jose.filipe.chavarria+relay58A@gmail.com,930000058,Relay Athlete 58B,jose.filipe.chavarria+relay58B@gmail.com,930001058,,,,Relay Athlete 58C,jose.filipe.chavarria+relay58C@gmail.com,930002058,Relay Athlete 58D,jose.filipe.chavarria+relay58D@gmail.com,930003058
R10059,Hybrid Doubles Men - Heat 10,2025-05-11,18:00,2319-59,Hybrid Doubles Men,Pair Athlete 59A,jose.filipe.chavarria+pair59A@gmail.com,920000059,Pair Athlete 59B,jose.filipe.chavarria+pair59B@gmail.com,920001059,,,,,,,,,
R10060,Hybrid Team Relay - Heat 1,2025-05-12,18:00,7119-60,Hybrid Team Relay,Relay Athlete 60A,jose.filipe.chavarria+relay60A@gmail.com,930000060,Relay Athlete 60B,jose.filipe.chavarria+relay60B@gmail.com,930001060,,,,Relay Athlete 60C,jose.filipe.chavarria+relay60C@gmail.com,930002060,Relay Athlete 60D,jose.filipe.chavarria+relay60D@gmail.com,930003060
S10061,Hybrid Women - Heat 2,2025-05-14,17:00,8225-61,Hybrid Women,,,,,,,Name LastName Athlete 61,jose.filipe.chavarria+at61@gmail.com,910000061,,,,,,
R10062,Hybrid Pro Doubles Men - Heat 3,2025-05-11,18:00,6869-62,Hybrid Pro Doubles Men,Pair Athlete 62A,jose.filipe.chavarria+pair62A@gmail.com,920000062,Pair Athlete 62B,jose.filipe.chavarria+pair62B@gmail.com,920001062,,,,,,,,,
S10063,Hybrid Pro Men - Heat 4,2025-05-11,9:30,4787-63,Hybrid Pro Men,,,,,,,Name LastName Athlete 63,jose.filipe.chavarria+at63@gmail.com,910000063,,,,,,
R10064,Hybrid Team Relay - Heat 5,2025-05-10,13:00,5707-64,Hybrid Team Relay,Relay Athlete 64A,jose.filipe.chavarria+relay64A@gmail.com,930000064,Relay Athlete 64B,jose.filipe.chavarria+relay64B@gmail.com,930001064,,,,Relay Athlete 64C,jose.filipe.chavarria+relay64C@gmail.com,930002064,Relay Athlete 64D,jose.filipe.chavarria+relay64D@gmail.com,930003064
R10065,Hybrid Team Relay - Heat 6,2025-05-11,12:30,5515-65,Hybrid Team Relay,Relay Athlete 65A,jose.filipe.chavarria+relay65A@gmail.com,930000065,Relay Athlete 65B,jose.filipe.chavarria+relay65B@gmail.com,930001065,,,,Relay Athlete 65C,jose.filipe.chavarria+relay65C@gmail.com,930002065,Relay Athlete 65D,jose.filipe.chavarria+relay65D@gmail.com,930003065
R10066,Hybrid Pro Doubles Women - Heat 7,2025-05-10,10:30,4138-66,Hybrid Pro Doubles Women,Pair Athlete 66A,jose.filipe.chavarria+pair66A@gmail.com,920000066,Pair Athlete 66B,jose.filipe.chavarria+pair66B@gmail.com,920001066,,,,,,,,,
R10067,Hybrid Pro Doubles Mixed - Heat 8,2025-05-13,12:30,1737-67,Hybrid Pro Doubles Mixed,Pair Athlete 67A,jose.filipe.chavarria+pair67A@gmail.com,920000067,Pair Athlete 67B,jose.filipe.chavarria+pair67B@gmail.com,920001067,,,,,,,,,
R10068,Hybrid Team Relay - Heat 9,2025-05-14,17:30,6536-68,Hybrid Team Relay,Relay Athlete 68A,jose.filipe.chavarria+relay68A@gmail.com,930000068,Relay Athlete 68B,jose.filipe.chavarria+relay68B@gmail.com,930001068,,,,Relay Athlete 68C,jose.filipe.chavarria+relay68C@gmail.com,930002068,Relay Athlete 68D,jose.filipe.chavarria+relay68D@gmail.com,930003068
S10069,Hybrid Pro Women - Heat 10,2025-05-13,16:00,2674-69,Hybrid Pro Women,,,,,,,Name LastName Athlete 69,jose.filipe.chavarria+at69@gmail.com,910000069,,,,,,
R10070,Hybrid Pro Doubles Mixed - Heat 1,2025-05-10,8:30,8223-70,Hybrid Pro Doubles Mixed,Pair Athlete 70A,jose.filipe.chavarria+pair70A@gmail.com,920000070,Pair Athlete 70B,jose.filipe.chavarria+pair70B@gmail.com,920001070,,,,,,,,,
S10071,Hybrid Men - Heat 2,2025-05-11,8:00,8136-71,Hybrid Men,,,,,,,Name LastName Athlete 71,jose.filipe.chavarria+at71@gmail.com,910000071,,,,,,
R10072,Hybrid Doubles Women - Heat 3,2025-05-10,9:30,2340-72,Hybrid Doubles Women,Pair Athlete 72A,jose.filipe.chavarria+pair72A@gmail.com,920000072,Pair Athlete 72B,jose.filipe.chavarria+pair72B@gmail.com,920001072,,,,,,,,,
R10073,Hybrid Pro Doubles Men - Heat 4,2025-05-13,18:30,1216-73,Hybrid Pro Doubles Men,Pair Athlete 73A,jose.filipe.chavarria+pair73A@gmail.com,920000073,Pair Athlete 73B,jose.filipe.chavarria+pair73B@gmail.com,920001073,,,,,,,,,
R10074,Hybrid Pro Doubles Men - Heat 5,2025-05-14,8:00,1088-74,Hybrid Pro Doubles Men,Pair Athlete 74A,jose.filipe.chavarria+pair74A@gmail.com,920000074,Pair Athlete 74B,jose.filipe.chavarria+pair74B@gmail.com,920001074,,,,,,,,,
R10075,Hybrid Team Relay - Heat 6,2025-05-15,11:30,5450-75,Hybrid Team Relay,Relay Athlete 75A,jose.filipe.chavarria+relay75A@gmail.com,930000075,Relay Athlete 75B,jose.filipe.chavarria+relay75B@gmail.com,930001075,,,,Relay Athlete 75C,jose.filipe.chavarria+relay75C@gmail.com,930002075,Relay Athlete 75D,jose.filipe.chavarria+relay75D@gmail.com,930003075
R10076,Hybrid Pro Doubles Men - Heat 7,2025-05-15,17:00,5868-76,Hybrid Pro Doubles Men,Pair Athlete 76A,jose.filipe.chavarria+pair76A@gmail.com,920000076,Pair Athlete 76B,jose.filipe.chavarria+pair76B@gmail.com,920001076,,,,,,,,,
R10077,Hybrid Doubles Women - Heat 8,2025-05-14,14:00,3156-77,Hybrid Doubles Women,Pair Athlete 77A,jose.filipe.chavarria+pair77A@gmail.com,920000077,Pair Athlete 77B,jose.filipe.chavarria+pair77B@gmail.com,920001077,,,,,,,,,
S10078,Hybrid Men - Heat 9,2025-05-10,10:00,1887-78,Hybrid Men,,,,,,,Name LastName Athlete 78,jose.filipe.chavarria+at78@gmail.com,910000078,,,,,,
R10079,Hybrid Pro Doubles Men - Heat 10,2025-05-15,10:00,3762-79,Hybrid Pro Doubles Men,Pair Athlete 79A,jose.filipe.chavarria+pair79A@gmail.com,920000079,Pair Athlete 79B,jose.filipe.chavarria+pair79B@gmail.com,920001079,,,,,,,,,
R10080,Hybrid Doubles Women - Heat 1,2025-05-15,18:30,4696-80,Hybrid Doubles Women,Pair Athlete 80A,jose.filipe.chavarria+pair80A@gmail.com,920000080,Pair Athlete 80B,jose.filipe.chavarria+pair80B@gmail.com,920001080,,,,,,,,,
R10081,Hybrid Doubles Women - Heat 2,2025-05-13,8:30,3017-81,Hybrid Doubles Women,Pair Athlete 81A,jose.filipe.chavarria+pair81A@gmail.com,920000081,Pair Athlete 81B,jose.filipe.chavarria+pair81B@gmail.com,920001081,,,,,,,,,
S10082,Hybrid Men - Heat 3,2025-05-15,15:30,1635-82,Hybrid Men,,,,,,,Name LastName Athlete 82,jose.filipe.chavarria+at82@gmail.com,910000082,,,,,,
R10083,Hybrid Pro Doubles Mixed - Heat 4,2025-05-11,15:30,8201-83,Hybrid Pro Doubles Mixed,Pair Athlete 83A,jose.filipe.chavarria+pair83A@gmail.com,920000083,Pair Athlete 83B,jose.filipe.chavarria+pair83B@gmail.com,920001083,,,,,,,,,
R10084,Hybrid Pro Doubles Men - Heat 5,2025-05-12,18:30,1497-84,Hybrid Pro Doubles Men,Pair Athlete 84A,jose.filipe.chavarria+pair84A@gmail.com,920000084,Pair Athlete 84B,jose.filipe.chavarria+pair84B@gmail.com,920001084,,,,,,,,,
R10085,Hybrid Pro Doubles Mixed - Heat 6,2025-05-13,11:00,2104-85,Hybrid Pro Doubles Mixed,Pair Athlete 85A,jose.filipe.chavarria+pair85A@gmail.com,920000085,Pair Athlete 85B,jose.filipe.chavarria+pair85B@gmail.com,920001085,,,,,,,,,
R10086,Hybrid Pro Doubles Women - Heat 7,2025-05-15,14:30,9024-86,Hybrid Pro Doubles Women,Pair Athlete 86A,jose.filipe.chavarria+pair86A@gmail.com,920000086,Pair Athlete 86B,jose.filipe.chavarria+pair86B@gmail.com,920001086,,,,,,,,,
S10087,Hybrid Pro Women - Heat 8,2025-05-12,13:30,7049-87,Hybrid Pro Women,,,,,,,Name LastName Athlete 87,jose.filipe.chavarria+at87@gmail.com,910000087,,,,,,
R10088,Hybrid Pro Doubles Women - Heat 9,2025-05-12,12:30,2632-88,Hybrid Pro Doubles Women,Pair Athlete 88A,jose.filipe.chavarria+pair88A@gmail.com,920000088,Pair Athlete 88B,jose.filipe.chavarria+pair88B@gmail.com,920001088,,,,,,,,,
R10089,Hybrid Doubles Mixed - Heat 10,2025-05-13,16:00,6466-89,Hybrid Doubles Mixed,Pair Athlete 89A,jose.filipe.chavarria+pair89A@gmail.com,920000089,Pair Athlete 89B,jose.filipe.chavarria+pair89B@gmail.com,920001089,,,,,,,,,
R10090,Hybrid Pro Doubles Men - Heat 1,2025-05-15,13:30,3057-90,Hybrid Pro Doubles Men,Pair Athlete 90A,jose.filipe.chavarria+pair90A@gmail.com,920000090,Pair Athlete 90B,jose.filipe.chavarria+pair90B@gmail.com,920001090,,,,,,,,,
R10091,Hybrid Pro Team Relay - Heat 2,2025-05-10,12:30,6197-91,Hybrid Pro Team Relay,Relay Athlete 91A,jose.filipe.chavarria+relay91A@gmail.com,930000091,Relay Athlete 91B,jose.filipe.chavarria+relay91B@gmail.com,930001091,,,,Relay Athlete 91C,jose.filipe.chavarria+relay91C@gmail.com,930002091,Relay Athlete 91D,jose.filipe.chavarria+relay91D@gmail.com,930003091
R10092,Hybrid Team Relay - Heat 3,2025-05-13,15:00,8258-92,Hybrid Team Relay,Relay Athlete 92A,jose.filipe.chavarria+relay92A@gmail.com,930000092,Relay Athlete 92B,jose.filipe.chavarria+relay92B@gmail.com,930001092,,,,Relay Athlete 92C,jose.filipe.chavarria+relay92C@gmail.com,930002092,Relay Athlete 92D,jose.filipe.chavarria+relay92D@gmail.com,930003092
R10093,Hybrid Doubles Mixed - Heat 4,2025-05-13,9:30,6698-93,Hybrid Doubles Mixed,Pair Athlete 93A,jose.filipe.chavarria+pair93A@gmail.com,920000093,Pair Athlete 93B,jose.filipe.chavarria+pair93B@gmail.com,920001093,,,,,,,,,
R10094,Hybrid Pro Doubles Men - Heat 5,2025-05-15,17:00,1769-94,Hybrid Pro Doubles Men,Pair Athlete 94A,jose.filipe.chavarria+pair94A@gmail.com,920000094,Pair Athlete 94B,jose.filipe.chavarria+pair94B@gmail.com,920001094,,,,,,,,,
R10095,Hybrid Pro Doubles Mixed - Heat 6,2025-05-10,17:30,7737-95,Hybrid Pro Doubles Mixed,Pair Athlete 95A,jose.filipe.chavarria+pair95A@gmail.com,920000095,Pair Athlete 95B,jose.filipe.chavarria+pair95B@gmail.com,920001095,,,,,,,,,
S10096,Hybrid Men - Heat 7,2025-05-12,13:30,6148-96,Hybrid Men,,,,,,,Name LastName Athlete 96,jose.filipe.chavarria+at96@gmail.com,910000096,,,,,,
R10097,Hybrid Team Relay - Heat 8,2025-05-12,14:00,9175-97,Hybrid Team Relay,Relay Athlete 97A,jose.filipe.chavarria+relay97A@gmail.com,930000097,Relay Athlete 97B,jose.filipe.chavarria+relay97B@gmail.com,930001097,,,,Relay Athlete 97C,jose.filipe.chavarria+relay97C@gmail.com,930002097,Relay Athlete 97D,jose.filipe.chavarria+relay97D@gmail.com,930003097
R10098,Hybrid Pro Doubles Men - Heat 9,2025-05-11,10:00,8187-98,Hybrid Pro Doubles Men,Pair Athlete 98A,jose.filipe.chavarria+pair98A@gmail.com,920000098,Pair Athlete 98B,jose.filipe.chavarria+pair98B@gmail.com,920001098,,,,,,,,,
R10099,Hybrid Doubles Women - Heat 10,2025-05-11,9:00,5507-99,Hybrid Doubles Women,Pair Athlete 99A,jose.filipe.chavarria+pair99A@gmail.com,920000099,Pair Athlete 99B,jose.filipe.chavarria+pair99B@gmail.com,920001099,,,,,,,,,
R10100,Hybrid Pro Team Relay - Heat 1,2025-05-15,18:00,7791-100,Hybrid Pro Team Relay,Relay Athlete 100A,jose.filipe.chavarria+relay100A@gmail.com,930000100,Relay Athlete 100B,jose.filipe.chavarria+relay100B@gmail.com,930001100,,,,Relay Athlete 100C,jose.filipe.chavarria+relay100C@gmail.com,930002100,Relay Athlete 100D,jose.filipe.chavarria+relay100D@gmail.com,930003100
R10101,Hybrid Team Relay - Heat 2,2025-05-12,13:00,1211-101,Hybrid Team Relay,Relay Athlete 101A,jose.filipe.chavarria+relay101A@gmail.com,930000101,Relay Athlete 101B,jose.filipe.chavarria+relay101B@gmail.com,930001101,,,,Relay Athlete 101C,jose.filipe.chavarria+relay101C@gmail.com,930002101,Relay Athlete 101D,jose.filipe.chavarria+relay101D@gmail.com,930003101
S10102,Hybrid Women - Heat 3,2025-05-10,15:00,3499-102,Hybrid Women,,,,,,,Name LastName Athlete 102,jose.filipe.chavarria+at102@gmail.com,910000102,,,,,,
R10103,Hybrid Pro Doubles Men - Heat 4,2025-05-10,16:30,2342-103,Hybrid Pro Doubles Men,Pair Athlete 103A,jose.filipe.chavarria+pair103A@gmail.com,920000103,Pair Athlete 103B,jose.filipe.chavarria+pair103B@gmail.com,920001103,,,,,,,,,
S10104,Hybrid Pro Men - Heat 5,2025-05-15,8:30,8334-104,Hybrid Pro Men,,,,,,,Name LastName Athlete 104,jose.filipe.chavarria+at104@gmail.com,910000104,,,,,,
R10105,Hybrid Doubles Men - Heat 6,2025-05-11,17:00,9551-105,Hybrid Doubles Men,Pair Athlete 105A,jose.filipe.chavarria+pair105A@gmail.com,920000105,Pair Athlete 105B,jose.filipe.chavarria+pair105B@gmail.com,920001105,,,,,,,,,
S10106,Hybrid Men - Heat 7,2025-05-10,16:00,8746-106,Hybrid Men,,,,,,,Name LastName Athlete 106,jose.filipe.chavarria+at106@gmail.com,910000106,,,,,,
S10107,Hybrid Women - Heat 8,2025-05-13,15:00,9764-107,Hybrid Women,,,,,,,Name LastName Athlete 107,jose.filipe.chavarria+at107@gmail.com,910000107,,,,,,
R10108,Hybrid Doubles Women - Heat 9,2025-05-13,16:30,5300-108,Hybrid Doubles Women,Pair Athlete 108A,jose.filipe.chavarria+pair108A@gmail.com,920000108,Pair Athlete 108B,jose.filipe.chavarria+pair108B@gmail.com,920001108,,,,,,,,,
R10109,Hybrid Pro Doubles Women - Heat 10,2025-05-10,18:30,3446-109,Hybrid Pro Doubles Women,Pair Athlete 109A,jose.filipe.chavarria+pair109A@gmail.com,920000109,Pair Athlete 109B,jose.filipe.chavarria+pair109B@gmail.com,920001109,,,,,,,,,
R10110,Hybrid Pro Doubles Mixed - Heat 1,2025-05-14,12:30,5036-110,Hybrid Pro Doubles Mixed,Pair Athlete 110A,jose.filipe.chavarria+pair110A@gmail.com,920000110,Pair Athlete 110B,jose.filipe.chavarria+pair110B@gmail.com,920001110,,,,,,,,,
R10111,Hybrid Pro Doubles Mixed - Heat 2,2025-05-10,12:30,2530-111,Hybrid Pro Doubles Mixed,Pair Athlete 111A,jose.filipe.chavarria+pair111A@gmail.com,920000111,Pair Athlete 111B,jose.filipe.chavarria+pair111B@gmail.com,920001111,,,,,,,,,
R10112,Hybrid Doubles Women - Heat 3,2025-05-10,15:30,4430-112,Hybrid Doubles Women,Pair Athlete 112A,jose.filipe.chavarria+pair112A@gmail.com,920000112,Pair Athlete 112B,jose.filipe.chavarria+pair112B@gmail.com,920001112,,,,,,,,,
R10113,Hybrid Pro Doubles Mixed - Heat 4,2025-05-13,13:00,2335-113,Hybrid Pro Doubles Mixed,Pair Athlete 113A,jose.filipe.chavarria+pair113A@gmail.com,920000113,Pair Athlete 113B,jose.filipe.chavarria+pair113B@gmail.com,920001113,,,,,,,,,
R10114,Hybrid Doubles Mixed - Heat 5,2025-05-12,18:00,1775-114,Hybrid Doubles Mixed,Pair Athlete 114A,jose.filipe.chavarria+pair114A@gmail.com,920000114,Pair Athlete 114B,jose.filipe.chavarria+pair114B@gmail.com,920001114,,,,,,,,,
S10115,Hybrid Women - Heat 6,2025-05-11,12:30,6095-115,Hybrid Women,,,,,,,Name LastName Athlete 115,jose.filipe.chavarria+at115@gmail.com,910000115,,,,,,
R10116,Hybrid Pro Doubles Men - Heat 7,2025-05-10,8:30,4445-116,Hybrid Pro Doubles Men,Pair Athlete 116A,jose.filipe.chavarria+pair116A@gmail.com,920000116,Pair Athlete 116B,jose.filipe.chavarria+pair116B@gmail.com,920001116,,,,,,,,,
R10117,Hybrid Pro Team Relay - Heat 8,2025-05-12,14:00,6961-117,Hybrid Pro Team Relay,Relay Athlete 117A,jose.filipe.chavarria+relay117A@gmail.com,930000117,Relay Athlete 117B,jose.filipe.chavarria+relay117B@gmail.com,930001117,,,,Relay Athlete 117C,jose.filipe.chavarria+relay117C@gmail.com,930002117,Relay Athlete 117D,jose.filipe.chavarria+relay117D@gmail.com,930003117
R10118,Hybrid Doubles Men - Heat 9,2025-05-11,11:30,1095-118,Hybrid Doubles Men,Pair Athlete 118A,jose.filipe.chavarria+pair118A@gmail.com,920000118,Pair Athlete 118B,jose.filipe.chavarria+pair118B@gmail.com,920001118,,,,,,,,,
S10119,Hybrid Men - Heat 10,2025-05-12,13:30,4950-119,Hybrid Men,,,,,,,Name LastName Athlete 119,jose.filipe.chavarria+at119@gmail.com,910000119,,,,,,
R10120,Hybrid Pro Doubles Men - Heat 1,2025-05-14,11:30,9880-120,Hybrid Pro Doubles Men,Pair Athlete 120A,jose.filipe.chavarria+pair120A@gmail.com,920000120,Pair Athlete 120B,jose.filipe.chavarria+pair120B@gmail.com,920001120,,,,,,,,,
R10121,Hybrid Pro Doubles Women - Heat 2,2025-05-10,14:30,8132-121,Hybrid Pro Doubles Women,Pair Athlete 121A,jose.filipe.chavarria+pair121A@gmail.com,920000121,Pair Athlete 121B,jose.filipe.chavarria+pair121B@gmail.com,920001121,,,,,,,,,
S10122,Hybrid Pro Men - Heat 3,2025-05-15,12:30,9519-122,Hybrid Pro Men,,,,,,,Name LastName Athlete 122,jose.filipe.chavarria+at122@gmail.com,910000122,,,,,,
S10123,Hybrid Women - Heat 4,2025-05-12,16:00,9590-123,Hybrid Women,,,,,,,Name LastName Athlete 123,jose.filipe.chavarria+at123@gmail.com,910000123,,,,,,
R10124,Hybrid Pro Doubles Mixed - Heat 5,2025-05-12,9:00,2525-124,Hybrid Pro Doubles Mixed,Pair Athlete 124A,jose.filipe.chavarria+pair124A@gmail.com,920000124,Pair Athlete 124B,jose.filipe.chavarria+pair124B@gmail.com,920001124,,,,,,,,,
S10125,Hybrid Pro Women - Heat 6,2025-05-14,16:00,6689-125,Hybrid Pro Women,,,,,,,Name LastName Athlete 125,jose.filipe.chavarria+at125@gmail.com,910000125,,,,,,
S10126,Hybrid Pro Men - Heat 7,2025-05-14,16:30,7945-126,Hybrid Pro Men,,,,,,,Name LastName Athlete 126,jose.filipe.chavarria+at126@gmail.com,910000126,,,,,,
R10127,Hybrid Pro Doubles Women - Heat 8,2025-05-10,15:00,4114-127,Hybrid Pro Doubles Women,Pair Athlete 127A,jose.filipe.chavarria+pair127A@gmail.com,920000127,Pair Athlete 127B,jose.filipe.chavarria+pair127B@gmail.com,920001127,,,,,,,,,
R10128,Hybrid Pro Doubles Women - Heat 9,2025-05-10,18:30,8516-128,Hybrid Pro Doubles Women,Pair Athlete 128A,jose.filipe.chavarria+pair128A@gmail.com,920000128,Pair Athlete 128B,jose.filipe.chavarria+pair128B@gmail.com,920001128,,,,,,,,,
R10129,Hybrid Pro Doubles Men - Heat 10,2025-05-14,10:30,9172-129,Hybrid Pro Doubles Men,Pair Athlete 129A,jose.filipe.chavarria+pair129A@gmail.com,920000129,Pair Athlete 129B,jose.filipe.chavarria+pair129B@gmail.com,920001129,,,,,,,,,
R10130,Hybrid Pro Doubles Mixed - Heat 1,2025-05-14,15:00,1424-130,Hybrid Pro Doubles Mixed,Pair Athlete 130A,jose.filipe.chavarria+pair130A@gmail.com,920000130,Pair Athlete 130B,jose.filipe.chavarria+pair130B@gmail.com,920001130,,,,,,,,,
S10131,Hybrid Women - Heat 2,2025-05-13,11:30,7050-131,Hybrid Women,,,,,,,Name LastName Athlete 131,jose.filipe.chavarria+at131@gmail.com,910000131,,,,,,
S10132,Hybrid Women - Heat 3,2025-05-11,18:00,6802-132,Hybrid Women,,,,,,,Name LastName Athlete 132,jose.filipe.chavarria+at132@gmail.com,910000132,,,,,,
S10133,Hybrid Pro Men - Heat 4,2025-05-14,18:30,3991-133,Hybrid Pro Men,,,,,,,Name LastName Athlete 133,jose.filipe.chavarria+at133@gmail.com,910000133,,,,,,
R10134,Hybrid Pro Doubles Mixed - Heat 5,2025-05-12,13:30,8573-134,Hybrid Pro Doubles Mixed,Pair Athlete 134A,jose.filipe.chavarria+pair134A@gmail.com,920000134,Pair Athlete 134B,jose.filipe.chavarria+pair134B@gmail.com,920001134,,,,,,,,,
R10135,Hybrid Pro Doubles Men - Heat 6,2025-05-12,8:00,2323-135,Hybrid Pro Doubles Men,Pair Athlete 135A,jose.filipe.chavarria+pair135A@gmail.com,920000135,Pair Athlete 135B,jose.filipe.chavarria+pair135B@gmail.com,920001135,,,,,,,,,
R10136,Hybrid Pro Doubles Women - Heat 7,2025-05-14,8:00,3801-136,Hybrid Pro Doubles Women,Pair Athlete 136A,jose.filipe.chavarria+pair136A@gmail.com,920000136,Pair Athlete 136B,jose.filipe.chavarria+pair136B@gmail.com,920001136,,,,,,,,,
R10137,Hybrid Pro Doubles Women - Heat 8,2025-05-15,14:30,1292-137,Hybrid Pro Doubles Women,Pair Athlete 137A,jose.filipe.chavarria+pair137A@gmail.com,920000137,Pair Athlete 137B,jose.filipe.chavarria+pair137B@gmail.com,920001137,,,,,,,,,
S10138,Hybrid Pro Men - Heat 9,2025-05-13,8:00,9091-138,Hybrid Pro Men,,,,,,,Name LastName Athlete 138,jose.filipe.chavarria+at138@gmail.com,910000138,,,,,,
R10139,Hybrid Pro Team Relay - Heat 10,2025-05-15,8:30,5069-139,Hybrid Pro Team Relay,Relay Athlete 139A,jose.filipe.chavarria+relay139A@gmail.com,930000139,Relay Athlete 139B,jose.filipe.chavarria+relay139B@gmail.com,930001139,,,,Relay Athlete 139C,jose.filipe.chavarria+relay139C@gmail.com,930002139,Relay Athlete 139D,jose.filipe.chavarria+relay139D@gmail.com,930003139
R10140,Hybrid Pro Doubles Men - Heat 1,2025-05-14,13:00,3771-140,Hybrid Pro Doubles Men,Pair Athlete 140A,jose.filipe.chavarria+pair140A@gmail.com,920000140,Pair Athlete 140B,jose.filipe.chavarria+pair140B@gmail.com,920001140,,,,,,,,,
R10141,Hybrid Team Relay - Heat 2,2025-05-13,9:30,5525-141,Hybrid Team Relay,Relay Athlete 141A,jose.filipe.chavarria+relay141A@gmail.com,930000141,Relay Athlete 141B,jose.filipe.chavarria+relay141B@gmail.com,930001141,,,,Relay Athlete 141C,jose.filipe.chavarria+relay141C@gmail.com,930002141,Relay Athlete 141D,jose.filipe.chavarria+relay141D@gmail.com,930003141
S10142,Hybrid Men - Heat 3,2025-05-11,9:00,1517-142,Hybrid Men,,,,,,,Name LastName Athlete 142,jose.filipe.chavarria+at142@gmail.com,910000142,,,,,,
R10143,Hybrid Doubles Mixed - Heat 4,2025-05-12,11:00,9900-143,Hybrid Doubles Mixed,Pair Athlete 143A,jose.filipe.chavarria+pair143A@gmail.com,920000143,Pair Athlete 143B,jose.filipe.chavarria+pair143B@gmail.com,920001143,,,,,,,,,
R10144,Hybrid Pro Doubles Women - Heat 5,2025-05-13,16:30,5460-144,Hybrid Pro Doubles Women,Pair Athlete 144A,jose.filipe.chavarria+pair144A@gmail.com,920000144,Pair Athlete 144B,jose.filipe.chavarria+pair144B@gmail.com,920001144,,,,,,,,,
R10145,Hybrid Pro Team Relay - Heat 6,2025-05-15,12:00,7702-145,Hybrid Pro Team Relay,Relay Athlete 145A,jose.filipe.chavarria+relay145A@gmail.com,930000145,Relay Athlete 145B,jose.filipe.chavarria+relay145B@gmail.com,930001145,,,,Relay Athlete 145C,jose.filipe.chavarria+relay145C@gmail.com,930002145,Relay Athlete 145D,jose.filipe.chavarria+relay145D@gmail.com,930003145
R10146,Hybrid Pro Doubles Women - Heat 7,2025-05-11,17:00,6864-146,Hybrid Pro Doubles Women,Pair Athlete 146A,jose.filipe.chavarria+pair146A@gmail.com,920000146,Pair Athlete 146B,jose.filipe.chavarria+pair146B@gmail.com,920001146,,,,,,,,,
R10147,Hybrid Pro Team Relay - Heat 8,2025-05-13,16:00,6535-147,Hybrid Pro Team Relay,Relay Athlete 147A,jose.filipe.chavarria+relay147A@gmail.com,930000147,Relay Athlete 147B,jose.filipe.chavarria+relay147B@gmail.com,930001147,,,,Relay Athlete 147C,jose.filipe.chavarria+relay147C@gmail.com,930002147,Relay Athlete 147D,jose.filipe.chavarria+relay147D@gmail.com,930003147
S10148,Hybrid Pro Men - Heat 9,2025-05-12,17:00,1810-148,Hybrid Pro Men,,,,,,,Name LastName Athlete 148,jose.filipe.chavarria+at148@gmail.com,910000148,,,,,,
S10149,Hybrid Pro Men - Heat 10,2025-05-14,9:30,7840-149,Hybrid Pro Men,,,,,,,Name LastName Athlete 149,jose.filipe.chavarria+at149@gmail.com,910000149,,,,,,
R10150,Hybrid Doubles Women - Heat 1,2025-05-13,12:00,4474-150,Hybrid Doubles Women,Pair Athlete 150A,jose.filipe.chavarria+pair150A@gmail.com,920000150,Pair Athlete 150B,jose.filipe.chavarria+pair150B@gmail.com,920001150,,,,,,,,,
